CHROM,POS,ID,REF,ALT,QUAL,ADP,WT,HET,HOM,NC,Locus,AaChange,Pathogenicity,DiseaseScore,HmtVar,Clinvar,dbSNP,OMIM,MitomapAssociatedDiseases,MitomapSomaticMutations,MitomapHeteroplasmy,MitomapHomoplasmy,SomaticMutationsHeteroplasmy,SomaticMutationsHomoplasmy,1KGenomesHeteroplasmy,1KGenomesHomoplasmy,NtVarH,NtVarP,AaVarH,AaVarP,AlleleFreqH,AlleleFreqP,AlleleFreqH_AF,AlleleFreqP_AF,AlleleFreqH_AM,AlleleFreqP_AM,AlleleFreqH_AS,AlleleFreqP_AS,AlleleFreqH_EU,AlleleFreqP_EU,AlleleFreqH_OC,AlleleFreqP_OC,MutPred_Prediction,MutPred_Probability,Panther_Prediction,Panther_Probability,PhDSNP_Prediction,PhDSNP_Probability,SNPsGO_Prediction,SNPsGO_Probability,Polyphen2HumDiv_Prediction,Polyphen2HumDiv_Probability,Polyphen2HumVar_Prediction,Polyphen2HumVar_Probability,FILTER_PASS,FILTER_str10,FILTER_indelError,numalt,altlen,is_snp
chrM,73,.,A,G,.,8044,0,0,1,0,MT-DLOOP,.,.,.,19,.,rs869183622,.,.,aging brains%2C POLG/PEO & control muscle%2C buccal cell%2C thyroid & prostate tumors,.,.,Y,Y,.,.,0.693878,0.48675,.,.,0.7287253014,0.6946212953,0.8681630547,0.7777777778,0.8368794326000001,0.8965517241,0.7286842458,0.987432675,0.5775329661,0.5152692947999999,0.9846055164,0.0,.,.,.,.,.,.,.,.,.,.,.,.,True,False,False,1,0,True
chrM,247,.,GA,G,.,6453,0,0,1,0,.,.,.,.,.,.,.,.,.,.,.,.,.,.,.,.,.,.,.,.,.,.,.,.,.,.,.,.,.,.,.,.,.,.,.,.,.,.,.,.,.,.,.,.,True,False,False,1,-1,False
chrM,263,.,A,G,.,5822,0,0,1,0,MT-DLOOP,.,.,.,128,434777,rs2853515,.,.,POLG/MNGIE muscle,.,.,Y,N,.,.,0.063282,0.074704,.,.,0.9104310816,0.9538968167,0.8137254902,0.8194444444,0.9488770686,0.9655172414000001,0.7733904429999999,0.9766606822,0.9509263896,0.9561354803000001,0.9910198845,0.0,.,.,.,.,.,.,.,.,.,.,.,.,True,False,False,1,0,True
chrM,310,.,T,TC,.,2822,0,0,1,0,MT-DLOOP,.,.,.,145,.,rs369786048,.,Melanoma patients,.,.,.,.,.,Y,N,0.0,0.0,.,.,0.08935492310000001,0.7437980241,0.1024251806,0.9861111111,0.0472813239,0.8620689655,0.048855574900000004,0.9964093356999999,0.0718577867,0.7268184342,0.14753046820000001,0.0,.,.,.,.,.,.,.,.,.,.,.,.,True,False,False,1,1,False
chrM,513,.,GCA,G,.,7089,0,0,1,0,.,.,.,.,.,.,.,.,.,.,.,.,.,.,.,.,.,.,.,.,.,.,.,.,.,.,.,.,.,.,.,.,.,.,.,.,.,.,.,.,.,.,.,.,True,False,False,1,-2,False
chrM,750,.,A,G,.,9304,0,0,1,0,MT-RNR1,.,.,.,461,434781,rs2853518,.,.,.,.,.,.,.,.,.,0.049721,0.0,.,.,0.9246023254000001,0.9688254665,0.9600103199,0.9583333333,0.9494680851,0.9310344828,0.7767367153,0.9946140036,0.9489233851000001,0.9761243753,0.992944195,0.0,.,.,.,.,.,.,.,.,.,.,.,.,True,False,False,1,0,True
chrM,1438,.,A,G,.,9233,0,0,1,0,MT-RNR1,.,.,.,588,51390,rs2001030,.,.,.,.,.,.,.,.,.,0.132004,0.0,.,.,0.8933352354999999,0.9387486279,0.8039215686,0.8055555556,0.9335106383,0.8620689655,0.7677687056999999,0.9694793537,0.924887331,0.9394780677,0.9884541373000001,0.0,.,.,.,.,.,.,.,.,.,.,.,.,True,False,False,1,0,True
chrM,2706,.,A,G,.,6343,0,0,1,0,MT-RNR2,.,.,.,940,.,rs2854128,.,.,.,.,.,.,.,.,.,0.664014,0.0,.,.,0.7468197921999999,0.7047200878000001,0.8648090815,0.8472222222,0.8469267139,0.8965517241,0.745415607,0.9380610412999999,0.5983141379,0.5363686840999999,0.9807568954000001,0.0,.,.,.,.,.,.,.,.,.,.,.,.,True,False,False,1,0,True
chrM,3970,.,C,T,.,9697,0,0,1,0,MT-ND1,L222L,.,.,2780,.,rs9629042,.,.,.,.,.,.,.,Y,Y,0.18077,0.080386,0.0026,0.0,0.0352854459,0.0357848518,0.0010319917,0.0,0.0023640662,0.0,0.1100254317,0.0888689408,0.005758638000000001,0.0016657413,0.0,0.0,.,.,.,.,.,.,.,.,.,.,.,.,True,False,False,1,0,True
chrM,4086,.,C,T,.,10322,0,0,1,0,MT-ND1,V260V,.,.,3055,.,rs386828934,.,.,.,.,.,.,.,Y,Y,0.082137,0.027657,0.0019,0.0075,0.0140523575,0.0122941822,0.0005159959,0.0,0.0011820331,0.0,0.0522018471,0.0242369838,0.0008345852000000001,0.0005552471,0.0,0.0,.,.,.,.,.,.,.,.,.,.,.,.,True,False,False,1,0,True
chrM,4769,.,A,G,.,4220,0,0,1,0,MT-ND2,M100M,.,.,4804,434779,rs3021086,.,Mitochondrial myopathy,.,.,.,.,.,.,.,0.124915,0.095875,0.0803,0.0951,0.9789095751000001,0.9598243688,0.9909700722,0.9722222222,0.984929078,0.9655172414000001,0.9899611831999999,0.9919210054,0.9601068268999999,0.9539144919,0.98588839,0.0,.,.,.,.,.,.,.,.,.,.,.,.,True,False,False,1,0,True
chrM,5360,.,C,T,.,11103,0,0,1,0,MT-ND2,I297I,.,.,33597,.,.,.,.,.,.,.,.,.,.,.,0.04235,0.010685,.,.,0.0099626697,0.0054884742,0.0010319917,0.0,0.0035460993,0.0,0.0266363271,0.0053859964,0.0071774328,0.0022209883,0.0,0.0,.,.,.,.,.,.,.,.,.,.,.,.,True,False,False,1,0,True
chrM,6392,.,T,C,.,11152,0,0,1,0,MT-CO1,N163N,.,.,8828,.,rs376513041,.,.,.,.,.,.,.,.,.,0.17041,0.080927,0.0035,0.0,0.0340014742,0.036223929700000004,0.0020639835,0.0,0.0047281324,0.0,0.0961049391,0.092459605,0.0090969788,0.0022209883,0.0,0.0,.,.,.,.,.,.,.,.,.,.,.,.,True,False,False,1,0,True
chrM,6962,.,G,A,.,10789,0,0,1,0,MT-CO1,L353L,.,.,10167,.,rs1970771,.,Possible helper variant for 15927A,.,N,Y,.,.,Y,Y,0.113299,0.063984,0.0009,0.0835,0.0209715386,0.0305159166,0.0020639835,0.0,0.0023640662,0.0,0.0665238924,0.0745062837,0.0028375896999999995,0.0022209883,0.0019243104999999998,0.0,.,.,.,.,.,.,.,.,.,.,.,.,True,False,False,1,0,True
chrM,7028,.,C,T,.,8693,0,0,1,0,MT-CO1,A375A,.,.,10317,.,rs2015062,.,.,.,.,.,.,.,.,.,0.76067,0.474115,0.0,0.0,0.8189124284,0.7268935236,0.9767801858,0.9027777778,0.8874113475,0.8965517241,0.9621201981,0.9910233393000001,0.6190118511,0.5496946141,0.9910198845,0.0,.,.,.,.,.,.,.,.,.,.,.,.,True,False,False,1,0,True
chrM,8149,.,A,G,.,10979,0,0,1,0,MT-CO2,R188R,.,.,13041,.,rs386829027,.,.,.,.,.,.,.,Y,Y,0.042036,0.008534,0.0139,0.0662,0.0069667356,0.0039517014,0.0002579979,0.0,0.0011820331,0.0,0.025030116499999998,0.009874326800000001,0.0009180436999999999,0.0,0.0025657473000000003,0.0,.,.,.,.,.,.,.,.,.,.,.,.,True,False,False,1,0,True
chrM,8433,.,T,C,.,10492,0,0,1,0,MT-ATP8,I23T,likely_polymorphic,0.22,13702,.,.,.,.,.,.,.,.,.,Y,Y,0.004434,0.001743,0.0191,0.0116,0.0005944314,0.0006586169,0.0002579979,0.0,0.0029550827,0.0,0.0008031053,0.0026929982,0.00041729260000000003,0.0,0.0,0.0,high_pathogenicity,0.735,neutral,0.447,disease,0.606,neutral,0.11199999999999999,benign,0.005,benign,0.013999999999999999,True,False,False,1,0,True
chrM,8860,.,A,G,.,2462,0,0,1,0,MT-ATP6,T112A,polymorphic,0.14,14872,.,rs2001031,.,.,.,.,.,.,.,.,.,0.067869,0.081763,0.0262,0.2304,0.9877309366,0.9618002195,0.9907120743000001,0.9722222222,0.9940898345,0.9655172414000001,0.9930397537000001,0.9461400359000001,0.9767985311,0.9816768462000001,0.9980756895,0.0,low_pathogenicity,0.369,neutral,0.326,neutral,0.317,neutral,0.17600000000000002,benign,0.0,benign,0.003,True,False,False,1,0,True
chrM,9041,.,A,G,.,10923,0,0,1,0,MT-ATP6,H172R,pathogenic,0.66,15285,434701,.,.,.,.,.,.,.,.,N,Y,0.004008,0.001858,0.0036,0.0096,0.001022422,0.0010976948,0.0005159959,0.0,0.0005910165,0.0,0.0014723598000000002,0.0035906643,0.0005842096,0.0005552471,0.0,0.0,high_pathogenicity,0.7909999999999999,disease,0.5710000000000001,disease,0.632,disease,0.745,possibly_damaging,0.8540000000000001,benign,0.331,True,False,False,1,0,True
chrM,9053,.,G,A,.,10973,0,0,1,0,MT-ATP6,S176N,polymorphic,0.31,15313,.,rs199646902,.,.,.,.,.,.,.,Y,Y,0.101591,0.041288,0.0726,0.115,0.0186889222,0.0177826564,0.0023219814,0.0,0.0047281324,0.0,0.0599651988,0.0332136445,0.0043398431,0.0055524708,0.0012828736,0.0,low_pathogenicity,0.37,neutral,0.44299999999999995,neutral,0.29600000000000004,neutral,0.29600000000000004,benign,0.38799999999999996,benign,0.134,True,False,False,1,0,True
chrM,9548,.,G,A,.,7791,0,0,1,0,MT-CO3,G114G,.,.,16495,.,rs386829084,.,.,.,.,.,.,.,Y,Y,0.079606,0.032744,0.0021,0.04,0.0143139073,0.014050493999999998,0.0028379773,0.0,0.0032505909999999997,0.0,0.0381475037,0.026032316,0.007093974300000001,0.0072182120999999995,0.0012828736,0.0,.,.,.,.,.,.,.,.,.,.,.,.,True,False,False,1,0,True
chrM,10192,.,C,T,.,9594,0,0,1,0,MT-ND3,S45F,likely_polymorphic,0.21,18069,.,.,.,.,.,.,.,.,.,N,Y,0.007834,0.012157,0.0111,0.0439,0.0013790807999999998,0.0054884742,0.0002579979,0.0,0.0014775414,0.0,0.0009369561999999999,0.0035906643,0.0023368385999999997,0.0055524708,0.0006414368,0.0,low_pathogenicity,0.451,neutral,0.44,disease,0.505,neutral,0.369,benign,0.0,benign,0.003,True,False,False,1,0,True
chrM,10310,.,G,A,.,9863,0,0,1,0,MT-ND3,L84L,.,.,18338,.,rs41467651,.,.,.,.,.,.,.,Y,Y,0.171637,0.08878,0.0004,0.0206,0.0333357111,0.039297475299999995,0.0020639835,0.0,0.0079787234,0.0,0.09690804439999999,0.10053859960000001,0.006092472,0.0027762354,0.0012828736,0.0,.,.,.,.,.,.,.,.,.,.,.,.,True,False,False,1,0,True
chrM,10609,.,T,C,.,11269,0,0,1,0,MT-ND4L,M47T,polymorphic,0.11,19074,.,rs200487531,.,.,.,.,.,.,.,Y,Y,0.11454,0.057706,1.0,1.0,0.0207099888,0.027442371,0.0005159959,0.0,0.0011820331,0.0,0.0678624013,0.066427289,0.0032548823,0.0005552471,0.0,0.0,low_pathogenicity,0.48100000000000004,neutral,0.14,neutral,0.233,neutral,0.047,benign,0.001,benign,0.004,True,False,False,1,0,True
chrM,11002,.,A,G,.,7232,0,0,1,0,MT-ND4,Q81Q,.,.,20013,.,rs386829114,.,.,.,.,.,.,.,Y,Y,0.057228,0.008039,0.0091,0.0307,0.013957248500000002,0.0039517014,0.0314757482,0.013888888899999998,0.0079787234,0.1034482759,0.0137866417,0.0026929982,0.003839092,0.0038867296,0.0006414368,0.0,.,.,.,.,.,.,.,.,.,.,.,.,True,False,False,1,0,True
chrM,11719,.,G,A,.,10199,0,0,1,0,MT-ND4,G320G,.,.,21687,.,rs2853495,.,.,.,.,.,.,.,.,.,0.831047,0.49082,0.0043,0.0201,0.7863613667,0.6851811195999999,0.9582043344,0.8888888889,0.8785460993,0.8965517241,0.9388301431999999,0.9964093356999999,0.5681021532,0.4841754581,0.992944195,0.0,.,.,.,.,.,.,.,.,.,.,.,.,True,False,False,1,0,True
chrM,12172,.,A,G,.,9743,0,0,1,0,MT-TH,.,likely_pathogenic,0.35,22757,.,.,.,.,.,.,.,.,.,Y,Y,0.017007,0.010181,.,.,0.006110754499999999,0.0052689352,0.0317337461,0.0833333333,0.0041371158000000005,0.034482758599999996,0.0028108687,0.009874326800000001,0.0017526289,0.0022209883,0.0038486209000000004,0.0,.,.,.,.,.,.,.,.,.,.,.,.,True,False,False,1,0,True
chrM,12406,.,G,A,.,9993,0,0,1,0,MT-ND5,V24I,polymorphic,0.06,23406,.,rs28617389,.,.,.,.,.,.,.,Y,Y,0.07109,0.066342,0.1494,0.2682,0.0149558932,0.0300768386,0.0054179567000000005,0.0,0.0035460993,0.0,0.033596573399999996,0.0745062837,0.0047571357,0.0027762354,0.0012828736,0.0,low_pathogenicity,0.251,.,.,neutral,0.146,neutral,0.023,benign,0.0,benign,0.001,True,False,False,1,0,True
chrM,12882,.,C,T,.,10633,0,0,1,0,MT-ND5,F182F,.,.,24553,.,rs386420001,.,.,.,.,.,.,.,Y,Y,0.107841,0.057671,0.0226,0.1139,0.0199491167,0.0270032931,0.0018059856,0.0,0.0014775414,0.0,0.0651853835,0.0682226212,0.0026706727,0.0005552471,0.0,0.0,.,.,.,.,.,.,.,.,.,.,.,.,True,False,False,1,0,True
chrM,13759,.,G,A,.,6826,0,0,1,0,MT-ND5,A475T,polymorphic,0.08,26592,.,.,.,.,.,.,.,.,.,Y,Y,0.148313,0.070428,0.4546,0.3626,0.034049028700000004,0.027442371,0.10577915380000001,0.055555555599999994,0.0076832151,0.0,0.059697497,0.0368043088,0.0150225338,0.0177679067,0.0051314945,0.0,low_pathogenicity,0.251,neutral,0.38799999999999996,neutral,0.08900000000000001,neutral,0.07200000000000001,benign,0.0,benign,0.001,True,False,False,1,0,True
chrM,13928,.,G,C,.,10240,0,0,1,0,MT-ND5,S531T,polymorphic,0.32,26977,.,rs28359184,.,.,.,.,.,.,.,Y,Y,0.443836,0.182573,0.4615,0.5537,0.0470789643,0.0423710209,0.0513415893,0.013888888899999998,0.012706855800000002,0.1034482759,0.12059965199999999,0.0951526032,0.0115172759,0.0099944475,0.0006414368,0.0,low_pathogenicity,0.321,neutral,0.28,neutral,0.095,neutral,0.040999999999999995,possibly_damaging,0.649,benign,0.18,True,False,False,1,0,True
chrM,14560,.,G,A,.,9061,0,0,1,0,MT-ND6,V38V,.,.,28460,.,rs28357676,.,.,.,.,.,.,.,Y,Y,0.065988,0.014143,0.0071,0.0281,0.0257745441,0.0081229418,0.1413828689,0.055555555599999994,0.0165484634,0.1034482759,0.0061571409,0.0062836625,0.0069270573,0.0022209883,0.0038486209000000004,0.0,.,.,.,.,.,.,.,.,.,.,.,.,True,False,False,1,0,True
chrM,14766,.,C,T,.,9804,0,0,1,0,MT-CYB,T7I,polymorphic,0.09,28983,150279,rs193302980,.,.,.,.,.,.,.,.,.,0.84262,0.494623,.,.,0.7803219440000001,0.6768386389,0.9713622290999999,0.8888888889,0.8752955083,0.8275862069,0.9318698969,0.9775583483,0.5645968953,0.483620211,0.9910198845,0.0,low_pathogenicity,0.165,neutral,0.17,neutral,0.319,neutral,0.07400000000000001,benign,0.001,benign,0.003,True,False,False,1,0,True
chrM,15326,.,A,G,.,11114,0,0,1,0,MT-CYB,T194A,polymorphic,0.12,30311,150284,rs2853508,.,.,.,.,.,.,.,.,.,0.029095,0.065591,.,.,0.930166203,0.9681668495999999,0.9886480907999999,0.9861111111,0.9518321513,0.9655172414000001,0.770981127,0.9802513465,0.9519278918,0.9833425875,0.9923027581999999,0.0,low_pathogenicity,0.452,neutral,0.294,neutral,0.244,neutral,0.049,benign,0.0,benign,0.009000000000000001,True,False,False,1,0,True
chrM,15541,.,T,C,.,7668,0,1,0,0,MT-CYB,P265P,.,.,30821,.,rs386829250,.,.,breast tumor,.,.,.,.,N,Y,0.000869,0.001098,0.0008,0.0018,0.0002377725,0.0004390779,0.0010319917,0.0,0.0,0.0,0.0004015527,0.0,0.0002503756,0.0011104942,0.0,0.0,.,.,.,.,.,.,.,.,.,.,.,.,True,False,False,1,0,True
chrM,16129,.,G,A,.,9634,0,0,1,0,MT-DLOOP,.,.,.,32182,.,rs41534744,.,Cyclic Vomiting Syndrome with Migraine,.,Y,N,.,.,.,.,0.523815,0.253622,.,.,0.1333903987,0.1108671789,0.30159958719999996,0.2361111111,0.073286052,0.1379310345,0.1908713693,0.19299820469999998,0.08779836419999999,0.0660744031,0.1116100064,0.0,.,.,.,.,.,.,.,.,.,.,.,.,True,False,False,1,0,True
chrM,16162,.,A,G,.,9438,0,0,1,0,MT-DLOOP,.,.,.,32197,.,rs41466049,.,.,.,.,.,.,.,Y,Y,0.071455,0.055851,.,.,0.0118648501,0.020856202,0.0043859649,0.0,0.0065011819999999994,0.034482758599999996,0.010172667600000001,0.0224416517,0.0161074946,0.0244308717,0.0006414368,0.0,.,.,.,.,.,.,.,.,.,.,.,.,True,False,False,1,0,True
chrM,16172,.,T,C,.,9352,0,0,1,0,MT-DLOOP,.,.,.,32202,.,rs2853817,.,.,MNGIE tissues%2C head/neck tumor back-mutation,.,.,Y,N,Y,Y,0.22321,0.126995,.,.,0.0675511805,0.0599341383,0.19427244579999997,0.1527777778,0.0360520095,0.034482758599999996,0.060768304100000003,0.0996409336,0.0418961776,0.0421987785,0.0378447723,0.0,.,.,.,.,.,.,.,.,.,.,.,.,True,False,False,1,0,True
chrM,16304,.,T,C,.,9835,0,0,1,0,MT-DLOOP,.,.,.,32294,.,rs386829305,.,.,esophageal%2C breast & prostate tumors,.,.,Y,Y,Y,Y,0.255039,0.209285,.,.,0.0593955822,0.0915477497,0.0327657379,0.0416666667,0.0336879433,0.0,0.0650515326,0.1014362657,0.0636788516,0.091615769,0.017960230900000002,0.0,.,.,.,.,.,.,.,.,.,.,.,.,True,False,False,1,0,True
chrM,16519,.,T,C,.,7774,0,0,1,0,MT-DLOOP,.,.,.,32334,.,rs3937033,.,.,glioblastoma%2C gastric%2C lung%2C ovarian%2C prostate tumors,.,.,Y,Y,.,.,0.858054,0.583261,.,.,0.6112656633,0.5525795829,0.6517027864,0.5555555556,0.5372340426,0.1379310345,0.515192076,0.4596050269,0.6249374061,0.6129927817999999,0.8838999359,0.0,.,.,.,.,.,.,.,.,.,.,.,.,True,False,False,1,0,True
